{
	"class_name" : "PinholeCameraParameters",
	"extrinsic" : 
	[
		0.058820955658413318,
		-0.69979291749375805,
		0.71191991670482535,
		0.0,
		-0.081541782188514281,
		0.70740347500694578,
		0.70209063610449784,
		0.0,
		-0.99493267758826376,
		-0.099348860958099944,
		-0.015452213219349909,
		0.0,
		0.32770817870572555,
		0.25054730403354247,
		2.365675466444817,
		1.0
	],
	"intrinsic" : 
	{
		"height" : 1025,
		"intrinsic_matrix" : 
		[
			887.67603887904966,
			0.0,
			0.0,
			0.0,
			887.67603887904966,
			0.0,
			926.0,
			512.0,
			1.0
		],
		"width" : 1853
	},
	"version_major" : 1,
	"version_minor" : 0
}